{"cameraMode":{"drawMode":0,"name":"Shaded","section":"Shading Mode"},"sceneLighting":false,"audioPlay":false,"sceneViewState":{"m_AlwaysRefresh":false,"showFog":true,"showSkybox":false,"showFlares":true,"showImageEffects":true,"showParticleSystems":true,"showVisualEffectGraphs":true,"m_FxEnabled":true},"in2DMode":false,"pivot":{"x":-0.024990081787109376,"y":0.01923065073788166,"z":-0.0023345947265625},"rotation":{"x":-0.36419034004211428,"y":0.38707226514816286,"z":-0.16965728998184205,"w":-0.8300434350967407},"size":0.005174320191144943,"orthographic":false}