{"cameraMode":{"drawMode":0,"name":"Shaded","section":"Shading Mode"},"sceneLighting":false,"audioPlay":false,"sceneViewState":{"m_AlwaysRefresh":false,"showFog":true,"showSkybox":false,"showFlares":true,"showImageEffects":true,"showParticleSystems":true,"showVisualEffectGraphs":true,"m_FxEnabled":true},"in2DMode":false,"pivot":{"x":31.71248435974121,"y":0.02300003170967102,"z":-176.90650939941407},"rotation":{"x":0.0978541448712349,"y":0.7638784050941467,"z":-0.11956163495779038,"w":0.6268119215965271},"size":0.05971839278936386,"orthographic":false}