{"cameraMode":{"drawMode":0,"name":"Shaded","section":"Shading Mode"},"sceneLighting":false,"audioPlay":false,"sceneViewState":{"m_AlwaysRefresh":false,"showFog":true,"showSkybox":false,"showFlares":true,"showImageEffects":true,"showParticleSystems":true,"showVisualEffectGraphs":true,"m_FxEnabled":true},"in2DMode":false,"pivot":{"x":-0.10396122932434082,"y":0.16217511892318726,"z":0.09489962458610535},"rotation":{"x":0.28808775544166567,"y":-0.6479566693305969,"z":0.2905324399471283,"w":0.6425309777259827},"size":0.847225546836853,"orthographic":false}