{"cameraMode":{"drawMode":0,"name":"Shaded","section":"Shading Mode"},"sceneLighting":false,"audioPlay":false,"sceneViewState":{"m_AlwaysRefresh":false,"showFog":true,"showSkybox":false,"showFlares":true,"showImageEffects":true,"showParticleSystems":true,"showVisualEffectGraphs":true,"m_FxEnabled":true},"in2DMode":false,"pivot":{"x":-16.390222549438478,"y":-0.7409301400184631,"z":-182.1445770263672},"rotation":{"x":-0.017193298786878587,"y":0.9829307198524475,"z":-0.12389523535966873,"w":-0.13555769622325898},"size":5.914228916168213,"orthographic":false}