{"cameraMode":{"drawMode":0,"name":"Shaded","section":"Shading Mode"},"sceneLighting":false,"audioPlay":false,"sceneViewState":{"m_AlwaysRefresh":false,"showFog":true,"showSkybox":false,"showFlares":true,"showImageEffects":true,"showParticleSystems":true,"showVisualEffectGraphs":true,"m_FxEnabled":true},"in2DMode":false,"pivot":{"x":-0.21413569152355195,"y":0.3318672180175781,"z":-0.5933491587638855},"rotation":{"x":0.06030980497598648,"y":0.9160173535346985,"z":-0.15055251121520997,"w":0.36693018674850466},"size":0.6754154562950134,"orthographic":false}