{"cameraMode":{"drawMode":0,"name":"Shaded","section":"Shading Mode"},"sceneLighting":true,"audioPlay":false,"sceneViewState":{"m_AlwaysRefresh":false,"showFog":true,"showSkybox":true,"showFlares":true,"showImageEffects":true,"showParticleSystems":true,"showVisualEffectGraphs":true,"m_FxEnabled":true},"in2DMode":false,"pivot":{"x":4.537415027618408,"y":2.796095848083496,"z":-197.86724853515626},"rotation":{"x":-0.10473005473613739,"y":0.5031635761260986,"z":-0.061598584055900577,"w":-0.8556321859359741},"size":3.5403761863708498,"orthographic":false}