{"cameraMode":{"drawMode":0,"name":"Shaded","section":"Shading Mode"},"sceneLighting":false,"audioPlay":false,"sceneViewState":{"m_AlwaysRefresh":false,"showFog":true,"showSkybox":false,"showFlares":true,"showImageEffects":true,"showParticleSystems":true,"showVisualEffectGraphs":true,"m_FxEnabled":true},"in2DMode":false,"pivot":{"x":-0.14438754320144654,"y":0.0375896692276001,"z":0.13463200628757478},"rotation":{"x":0.00031898944871500134,"y":-0.9996427893638611,"z":0.00539364293217659,"w":0.02991621010005474},"size":2.631380081176758,"orthographic":false}