{"cameraMode":{"drawMode":0,"name":"Shaded","section":"Shading Mode"},"sceneLighting":false,"audioPlay":false,"sceneViewState":{"m_AlwaysRefresh":false,"showFog":true,"showSkybox":false,"showFlares":true,"showImageEffects":true,"showParticleSystems":true,"showVisualEffectGraphs":true,"m_FxEnabled":true},"in2DMode":false,"pivot":{"x":-0.27219948172569277,"y":0.03370000794529915,"z":-0.12039192020893097},"rotation":{"x":0.2203565388917923,"y":-0.7453509569168091,"z":0.295082151889801,"w":0.5559820532798767},"size":0.0033736606128513815,"orthographic":false}