{"cameraMode":{"drawMode":0,"name":"Shaded","section":"Shading Mode"},"sceneLighting":false,"audioPlay":false,"sceneViewState":{"m_AlwaysRefresh":false,"showFog":true,"showSkybox":false,"showFlares":true,"showImageEffects":true,"showParticleSystems":true,"showVisualEffectGraphs":true,"m_FxEnabled":true},"in2DMode":false,"pivot":{"x":32.102481842041019,"y":0.04450003430247307,"z":-177.03150939941407},"rotation":{"x":-0.11762825399637222,"y":0.01438117679208517,"z":-0.001594320754520595,"w":-0.9930536150932312},"size":0.05575147643685341,"orthographic":false}